ISO code,Country,Variable code,Variable name,1950,1951,1952,1953,1954,1955,1956,1957,1958,1959,1960,1961,1962,1963,1964,1965,1966,1967,1968,1969,1970,1971,1972,1973,1974,1975,1976,1977,1978,1979,1980,1981,1982,1983,1984,1985,1986,1987,1988,1989,1990,1991,1992,1993,1994,1995,1996,1997,1998,1999,2000,2001,2002,2003,2004,2005,2006,2007,2008,2009,2010,2011,2012,2013,2014,2015,2016,2017,2018,2019
CHN,China,avh,Average annual hours worked by persons engaged,,,,,,,,,,,,,,,,,,,,,1976.31198565754,1975.79368335085,1975.50769609747,1975.36479610658,1975.18970182042,1974.89744134269,1974.20747917558,1973.4352539229,1972.72743689147,1972.10381751923,1971.49673892565,1971.10161985003,1970.70625302449,1970.19273094127,1969.72290679925,1969.39046443884,1970.44159854764,1971.46331201726,1972.67638540469,1973.98727769082,1975.35399295742,1976.88806287887,1978.4228544564,1981.64529459047,1989.29892990883,2001.83393325498,2017.26468243655,2037.36385895159,2062.05230428812,2082.06654040956,2090.47531061941,2103.51517613363,2118.20137588701,2138.08227702886,2167.89594581493,2192.35458727075,2183.05831502574,2152.6502141501,2131.59268716585,2138.85173747165,2172.71018311543,2178.80911654017,2184.29287571704,2178.3250154072,2178.66247759958,2170.45931702625,2167.22768958674,2168.91884848017,2168.91884848017,2168.91884848017
CHN,China,ccon,"Real consumption of households and government, at current PPPs (in mil. 2017US$)",,,452103.78125,512419.5625,471672.125,519724.03125,550866.4375,566489.5625,575013.125,545978.1875,532186.5625,442000.5,474741.65625,538685.75,613617.25,677300.5625,700120.75,715395.9375,696766.6875,765457.25,862426.25,946883.875,942130.75,982369.125,1046607,1092511.625,1121401.5,1129500.625,1238342.625,1317432.125,1396871.625,1416118.875,1537205.375,1660942.375,1833701.25,1960120.25,2069538.25,2148567.25,2205667.75,2140503.75,2152725,2254171.5,2454364.75,2806143.75,2876062.25,2981203.5,3162150.75,3293025,3359225.5,3637066.25,3939191,4152192,4551239.5,4774993.5,5130306.5,5734382.5,5984607.5,6067222.5,6061694.5,6478556,7019601,7540279.5,8420921,8759287,9146506,9629432,10109066,10721723,10401390,10566063
CHN,China,cgdpe,Expenditure-side real GDP at current PPPs (in mil. 2017US$),,,569331.625,643109.4375,599188.6875,655620.8125,705960.75,730784.5625,745549.5625,708488.1875,665814.4375,568989.5,619425.4375,694502.25,781582.5625,862648.4375,888646.5625,917839.5625,893585.125,981997.6875,1098845.625,1209572,1173206.125,1271536.125,1295690.875,1361600.25,1307894.75,1403833.5,1608224.5,1685320.75,1724348.125,1748511.25,1894341,2023202.125,2272682.25,2522017.25,2625785.5,2808426.5,2963256,2960363.5,2967523.75,3127390.75,3372579.25,3612290.25,3945906.25,4343848,4634672.5,4875955.5,4876382.5,5135949,5543107.5,6058904,6689212.5,7302662.5,8188286,9276251,10209220,11182232,11776912,12627631,14155120,15123922,16233770,16707255,17331976,17910582,18545632,19501140,19439218,19919016
CHN,China,cgdpo,Output-side real GDP at current PPPs (in mil. 2017US$),,,576916.1875,650393.5625,602422.25,661626.0625,705842.8125,729378,745099.0625,709001.1875,668069.375,569134.875,616336.3125,691066.4375,778861.8125,861736.1875,887917.125,916764.625,891927.625,978135.75,1098888.25,1204924.75,1168375.5,1269198.75,1300513.375,1363548.875,1307677.375,1402558.375,1614265,1694557.5,1730788.25,1747576.875,1877716.5,2019268.875,2283150.75,2599232.75,2680800,2819141.25,2997361,2995211.75,2925998.75,3078153.5,3368570.75,3673161.25,3932516,4310805,4589980.5,4769033,4791249.5,5090989,5517329,6042161.5,6659621.5,7292070,8149844,9151640,9971915,10874190,11516746,12460865,14093089,15149280,16314193,16716764,17440318,18058634,18619490,19687162,19634244,20118076
CHN,China,ck,Capital services levels at current PPPs (USA=1),,,,,,,0.0319336988031864,0.0330907665193081,0.0360276848077774,0.0406118892133236,0.043140534311533,0.0417906381189823,0.0392219722270966,0.0378419756889343,0.0367360524833202,0.0370888635516167,0.0379414856433868,0.0375690646469593,0.0370809324085712,0.0370541848242283,0.0387272723019123,0.0418281778693199,0.0450499095022678,0.0483257696032524,0.0520812980830669,0.0583285354077816,0.0634716525673866,0.0682785362005234,0.0737463310360909,0.0793476775288582,0.0833655223250389,0.0877820029854775,0.0932574197649956,0.0986612364649773,0.101708240807056,0.106882989406586,0.111021943390369,0.11368216574192,0.118126906454563,0.119070656597614,0.119721107184887,0.12308194488287,0.130234211683273,0.142031192779541,0.153371766209602,0.16372948884964,0.174801960587502,0.18426576256752,0.197435811161995,0.21061684191227,0.219335049390793,0.234645634889603,0.261909872293472,0.293803423643112,0.328064203262329,0.370560318231583,0.414361953735352,0.463998377323151,0.532464146614075,0.638191401958466,0.753338813781738,0.835943937301636,0.88185316324234,0.922306001186371,0.954943358898163,0.960806787014008,0.993253767490387,1.02576899528503,1.08683395385742,1.14743554592133
CHN,China,cn,Capital stock at current PPPs (in mil. 2017US$),,,352112.875,376088.6875,403378.59375,427434.125,456440.09375,486749.78125,542503.875,625967.9375,691718.875,700356.625,694152.375,703602.75,727036.875,767283.3125,823647.8125,852195.625,879540.3125,915541.75,993473.8125,1079436.5,1164101.125,1250886.75,1355039,1480534.375,1592697.5,1708561.125,1845605.5,1986699.25,2149862,2317788.75,2504770.5,2696741.5,2926695,3214338.75,3517756.75,3839339.25,4216628,4497812,4763758,5051366,5506873.5,6179305,6911710,7704396,8578956,9510872,10650426,11811647,13034514,14505863,16249036,18387840,20845850,23684224,27126450,31353628,36438724,42933700,49973752,56498932,61248864,66224916,70822720,73737440,78411272,83349168,91126264,99462136
CHN,China,csh_c,Share of household consumption at current PPPs,,,0.652913630008698,0.655104756355286,0.651063144207001,0.650573492050171,0.644902288913727,0.64041018486023,0.634946286678314,0.63223934173584,0.653782427310944,0.636536002159119,0.63212925195694,0.637835681438446,0.642856180667877,0.638703346252441,0.637687027454376,0.63017749786377,0.628840863704681,0.626894235610962,0.626612484455109,0.609285473823547,0.622528076171875,0.602366983890533,0.618282616138458,0.612688541412354,0.652040183544159,0.606345176696777,0.563758969306946,0.554244220256805,0.586038410663605,0.592297613620758,0.598282277584076,0.594422876834869,0.559908211231232,0.534973084926605,0.551016807556152,0.547613620758057,0.535972058773041,0.516968786716461,0.536040604114533,0.523378372192383,0.506388902664185,0.529109418392181,0.509437799453735,0.498472511768341,0.506467938423157,0.49214044213295,0.480914890766144,0.474182605743408,0.467340648174286,0.447512120008469,0.445639848709106,0.422683715820313,0.402600854635239,0.392180651426315,0.381619244813919,0.36430886387825,0.352942377328873,0.356363773345947,0.348049402236939,0.35161417722702,0.356167286634445,0.364793539047241,0.372076064348221,0.382125794887543,0.39529299736023,0.403199225664139,0.391436994075775,0.387516260147095
CHN,China,csh_i,Share of gross capital formation at current PPPs,,,0.160902112722397,0.163229405879974,0.168201595544815,0.164100959897041,0.167731583118439,0.173987537622452,0.193643555045128,0.223556354641914,0.201319068670273,0.169240519404411,0.14797231554985,0.159852117300034,0.160123229026794,0.172139272093773,0.181328341364861,0.163463354110718,0.165523529052734,0.169022858142853,0.189144134521484,0.192886143922806,0.15941333770752,0.198282808065414,0.169977143406868,0.175348341464996,0.140737131237984,0.174209505319595,0.220151409506798,0.21653525531292,0.189724639058113,0.191085740923882,0.183026507496834,0.180565610527992,0.201314508914948,0.264024257659912,0.24078132212162,0.242965489625931,0.272479921579361,0.294748991727829,0.261476427316666,0.260646373033524,0.267580181360245,0.244455561041832,0.262789279222488,0.302966505289078,0.304357796907425,0.290360242128372,0.276769310235977,0.269053250551224,0.269803494215012,0.298042088747025,0.30024442076683,0.331531405448914,0.354523628950119,0.341903984546661,0.354197174310684,0.387320131063461,0.420864820480347,0.453718483448029,0.466177731752396,0.46884161233902,0.452707350254059,0.45662072300911,0.452933251857758,0.431054592132568,0.429897546768189,0.424955636262894,0.448935270309448,0.454168498516083
CHN,China,ctfp,TFP level at current PPPs (USA=1),,,,,,,0.634950280189514,0.620983600616455,0.584878623485565,0.502265751361847,0.455704122781754,0.390877991914749,0.417294770479202,0.45855250954628,0.502946257591248,0.522839605808258,0.498209863901138,0.492734789848328,0.450563997030258,0.469839513301849,0.501793205738068,0.501865327358246,0.44671705365181,0.448181062936783,0.456562906503677,0.44281193614006,0.387449264526367,0.384267568588257,0.41091850399971,0.403596341609955,0.389850705862045,0.367852509021759,0.374482691287994,0.376934230327606,0.3968186378479,0.422336518764496,0.409229725599289,0.410106211900711,0.409018516540527,0.392396926879883,0.366761386394501,0.369508624076843,0.374169170856476,0.393658697605133,0.392923593521118,0.402964144945145,0.390987277030945,0.379099398851395,0.345453858375549,0.335653722286224,0.345895767211914,0.357353717088699,0.362951070070267,0.367806017398834,0.384502738714218,0.398919850587845,0.409700930118561,0.423655867576599,0.420111209154129,0.413341194391251,0.422073394060135,0.424157351255417,0.43264451622963,0.424787998199463,0.424850285053253,0.427585303783417,0.427597224712372,0.436116904020309,0.413475781679153,0.403457015752792
CHN,China,delta,Average depreciation rate of the capital stock,,,0.0417728610336781,0.0441323667764664,0.0466213822364807,0.0485700592398644,0.0501640439033508,0.0517002008855343,0.0538444519042969,0.0568840429186821,0.0591646134853363,0.0592108406126499,0.0578912012279034,0.0567069426178932,0.0559501387178898,0.0555851608514786,0.0553679056465626,0.0550573915243149,0.0545799508690834,0.054155744612217,0.0539168268442154,0.0536697842180729,0.0534093715250492,0.0532388314604759,0.0530978552997112,0.0529374815523624,0.0525410063564777,0.0520512796938419,0.0520317777991295,0.052353996783495,0.0523517541587353,0.0518758818507195,0.0513948351144791,0.0512479282915592,0.0516183152794838,0.0525771491229534,0.0534735806286335,0.0540429167449474,0.0545945316553116,0.0545614808797836,0.0540136098861694,0.0537628531455994,0.054179422557354,0.0553766265511513,0.0566417202353478,0.0569493919610977,0.0564799197018147,0.0559849962592125,0.0555112771689892,0.0548741184175015,0.0541414320468903,0.0534421019256115,0.0528631657361984,0.0528995431959629,0.0535965748131275,0.0544476956129074,0.0549245327711105,0.0546208992600441,0.0542731285095215,0.0546635389328003,0.0553934127092361,0.0558375827968121,0.0560450069606304,0.0560610331594944,0.0557859018445015,0.0552929677069187,0.0546073280274868,0.0538306310772896,0.0530670173466206,0.0523187816143036
CHN,China,emp,Number of persons engaged (in millions),,,239.774047851563,245.701858520508,251.468444824219,257.114318847656,264.729736328125,273.169952392578,293.514434814453,305.384552001953,295.659332275391,285.939880371094,280.995147705078,282.138305664063,287.754028320313,292.879516601563,301.519866943359,315.205444335938,329.188629150391,345.002471923828,360.956390380859,375.930297851563,386.572204589844,395.443145751953,407.258117675781,419.791931152344,431.858154296875,442.637634277344,454.202850341797,467.560119628906,484.668853759766,504.651824951172,529.559326171875,543.172302246094,557.972106933594,573.328002929688,587.222839355469,599.649719238281,617.746459960938,641.050842285156,660.476501464844,675.503479003906,682.740966796875,688.579162597656,693.913757324219,699.202392578125,705.6328125,713.376403808594,721.1416015625,728.701110839844,735.72314453125,742.675964355469,748.695434570313,753.550415039063,758.614318847656,763.212036132813,767.209350585938,771.038391113281,774.456359863281,777.627258300781,781.035522460938,784.713317871094,788.292846679688,791.642761230469,794.645629882813,797.335266113281,798.530334472656,799.186096191406,799.306640625,798.807739257813
CHN,China,irr,Real internal rate of return,,,0.18985141813755,0.214846476912498,0.202331006526947,0.197886973619461,0.207277804613113,0.199340164661407,0.213939502835274,0.184541419148445,0.156548798084259,0.122074961662292,0.122202724218369,0.12638546526432,0.151951357722282,0.170865416526794,0.170292064547539,0.158003121614456,0.142328396439552,0.158546432852745,0.16685776412487,0.15523137152195,0.137449011206627,0.130024388432503,0.112878404557705,0.10089148581028,0.0805427357554436,0.0749496817588806,0.0739685297012329,0.0692679136991501,0.07158362865448,0.0671872943639755,0.0675595998764038,0.0724562481045723,0.0761374682188034,0.0841553434729576,0.0848101675510407,0.0887119024991989,0.0947435796260834,0.0955008566379547,0.0965607017278671,0.101217523217201,0.104964978992939,0.111360512673855,0.129602342844009,0.137845605611801,0.131720274686813,0.130688220262527,0.124286398291588,0.112235859036446,0.113670483231545,0.113509826362133,0.101460114121437,0.097567081451416,0.102093957364559,0.102442488074303,0.108889639377594,0.112936228513718,0.106731250882149,0.101348079741001,0.101206719875336,0.100214935839176,0.0924208760261536,0.086602583527565,0.0834522694349289,0.0863964706659317,0.0862990170717239,0.0834833607077599,0.0803882628679276,0.0773612782359123
CHN,China,labsh,Share of labour compensation in GDP at current national prices,,,0.592168569564819,0.592168569564819,0.592168569564819,0.592168569564819,0.592168569564819,0.592168569564819,0.592168569564819,0.592168569564819,0.592168569564819,0.592168569564819,0.592168569564819,0.592168569564819,0.592168569564819,0.592168569564819,0.592168569564819,0.592168569564819,0.592168569564819,0.592168569564819,0.592168569564819,0.592168569564819,0.592168569564819,0.592168569564819,0.592168569564819,0.592168569564819,0.592168569564819,0.592168569564819,0.592168569564819,0.592168569564819,0.592168569564819,0.592168569564819,0.592168569564819,0.592168569564819,0.592168569564819,0.592168569564819,0.592168569564819,0.592168569564819,0.592168569564819,0.592168569564819,0.592168569564819,0.592168569564819,0.592168569564819,0.566812694072723,0.561033666133881,0.56735098361969,0.588390588760376,0.588529646396637,0.592412769794464,0.606276869773865,0.591961801052094,0.588033199310303,0.60328334569931,0.598127961158752,0.572884440422058,0.568218648433685,0.557359337806702,0.553081870079041,0.552076160907745,0.552654504776001,0.548255085945129,0.549982905387878,0.560340046882629,0.571143805980682,0.578006386756897,0.583168685436249,0.586252927780151,0.586252927780151,0.586252927780151,0.586252927780151
CHN,China,pl_c,"Price level of household consumption,  price level of USA GDPo in 2017=1",,,0.0462406016886234,0.0481584034860134,0.053650014102459,0.0532585456967354,0.055544663220644,0.0555320233106613,0.0614249669015408,0.0598413459956646,0.0632466822862625,0.0839559957385063,0.0825305134057999,0.0710040777921677,0.0711442828178406,0.073032982647419,0.0733015537261963,0.0774973854422569,0.0763288587331772,0.0767466500401497,0.0711915269494057,0.0698271244764328,0.0817053020000458,0.0941842421889305,0.0930264294147492,0.0983759015798569,0.0959615409374237,0.104293942451477,0.114810943603516,0.137899875640869,0.153758525848389,0.148924469947815,0.134854093194008,0.135824173688889,0.124401569366455,0.113321028649807,0.103787466883659,0.105245605111122,0.12596483528614,0.150565251708031,0.125762909650803,0.12295051664114,0.130885988473892,0.140164360404015,0.124205991625786,0.156432449817657,0.174155250191689,0.188247412443161,0.203508645296097,0.209740549325943,0.22012560069561,0.226573705673218,0.224213108420372,0.232613116502762,0.24518994987011,0.255803883075714,0.277229845523834,0.331124186515808,0.408356100320816,0.417532294988632,0.439815998077393,0.495059072971344,0.519611418247223,0.562365531921387,0.592588663101196,0.605490267276764,0.590270578861237,0.597744047641754,0.696445405483246,0.716501176357269
CHN,China,pl_con,"Price level of CCON (PPP/XR), price level of USA GDPo in 2017=1",,,0.045834593474865,0.0480997711420059,0.0526362992823124,0.0522964224219322,0.0543073415756226,0.0540270581841469,0.0596311017870903,0.0593532882630825,0.0653621330857277,0.0825550854206085,0.0783294290304184,0.0688670203089714,0.0694296360015869,0.0715622156858444,0.0721307322382927,0.0731752291321755,0.0719244480133057,0.0732797905802727,0.0685851648449898,0.0665956363081932,0.077547013759613,0.0894616171717644,0.0880425125360489,0.0927062407135963,0.0903322696685791,0.0979152694344521,0.107099249958992,0.125854089856148,0.141746386885643,0.135773092508316,0.122905224561691,0.123711816966534,0.11246208101511,0.102809824049473,0.0941403657197952,0.0955169647932053,0.114779211580753,0.136902898550034,0.116553537547588,0.113452792167664,0.119876518845558,0.128621578216553,0.114056073129177,0.14538910984993,0.163886100053787,0.17403344810009,0.185036838054657,0.188058450818062,0.195236206054688,0.199449196457863,0.196621552109718,0.201182812452316,0.209799125790596,0.215895250439644,0.240430861711502,0.295146256685257,0.373846024274826,0.390278398990631,0.418726563453674,0.502342343330383,0.518183529376984,0.565065920352936,0.60157573223114,0.620207130908966,0.611597001552582,0.629980087280273,0.735499262809753,0.755529642105103
CHN,China,pl_gdpo,"Price level of CGDPo (PPP/XR), price level of USA GDPo in 2017=1",,,0.049127534031868,0.0526093058288097,0.0595105402171612,0.0574261099100113,0.0607521235942841,0.0610864236950874,0.0727443248033524,0.0827191919088364,0.087824285030365,0.0890205651521683,0.0792174339294434,0.0745493248105049,0.077746294438839,0.0821179300546646,0.0862926542758942,0.0811015143990517,0.0808311626315117,0.0823443308472633,0.0842693746089935,0.0828272178769112,0.0973054170608521,0.109157986938953,0.11086555570364,0.119857497513294,0.117720507085323,0.124726258218288,0.135356977581978,0.155614510178566,0.176894307136536,0.165697425603867,0.151207625865936,0.150921732187271,0.137407839298248,0.119203858077526,0.112099468708038,0.116024538874626,0.136068031191826,0.152338817715645,0.134848207235336,0.134293362498283,0.146393582224846,0.168551251292229,0.143501624464989,0.17038232088089,0.188181400299072,0.201634481549263,0.214779183268547,0.21489030122757,0.219550266861916,0.221675723791122,0.220816940069199,0.22768297791481,0.239924520254135,0.249787047505379,0.2759869992733,0.326491177082062,0.398926615715027,0.409417033195496,0.431927472352982,0.498475581407547,0.522991597652435,0.572507321834564,0.600655555725098,0.612536549568176,0.603309452533722,0.625305533409119,0.707687437534332,0.712937653064728
CHN,China,pl_i,"Price level of capital formation,  price level of USA GDPo in 2017=1",,,0.0690074637532234,0.0778475180268288,0.0933254435658455,0.085025005042553,0.0906817093491554,0.091956801712513,0.124785259366035,0.163472056388855,0.178179606795311,0.118816740810871,0.0813883692026138,0.100091151893139,0.117063634097576,0.129830971360207,0.147496238350868,0.118391908705235,0.122009046375752,0.122489534318447,0.14936475455761,0.147342219948769,0.194821953773499,0.185059800744057,0.221288532018662,0.244876191020012,0.284466296434402,0.248027861118317,0.23610183596611,0.266381531953812,0.329881638288498,0.292132824659348,0.270538657903671,0.273243457078934,0.240087062120438,0.180102780461311,0.179558247327805,0.182183980941772,0.199356868863106,0.195905581116676,0.179128125309944,0.184792459011078,0.217950388789177,0.305053681135178,0.22360771894455,0.223178461194038,0.237252563238144,0.252335786819458,0.276874631643295,0.279260337352753,0.280168443918228,0.270899027585983,0.272689551115036,0.279041856527329,0.290289163589478,0.302394539117813,0.318948060274124,0.349694430828095,0.410458594560623,0.419745147228241,0.442116856575012,0.496093541383743,0.534018814563751,0.581746280193329,0.60769248008728,0.614374577999115,0.598280012607575,0.632923781871796,0.690346539020538,0.679047822952271
CHN,China,pl_k,"Price level of the capital services, price level of USA=1",,,,,,,3.39199757575989,3.20798516273499,3.50409936904907,3.04849219322205,2.81725192070007,2.40206170082092,2.26758670806885,2.33274030685425,2.61595511436462,2.75541234016418,2.68622398376465,2.53817844390869,2.30564999580383,2.44661784172058,2.58844971656799,2.30539393424988,2.23165416717529,2.28275966644287,2.03507804870605,1.81125295162201,1.39526796340942,1.32640266418457,1.36044120788574,1.36696791648865,1.39543771743774,1.0873726606369,0.968885481357575,0.875051200389862,0.782726883888245,0.685119271278381,0.614514231681824,0.629338502883911,0.708875060081482,0.713712692260742,0.58575576543808,0.577873945236206,0.623341083526611,0.713616251945496,0.565345108509064,0.647049248218536,0.641240417957306,0.641249179840088,0.621793687343597,0.567774474620819,0.605638206005096,0.617879033088684,0.549900352954865,0.52355945110321,0.544369697570801,0.518096029758453,0.53946715593338,0.597537338733673,0.663501620292664,0.60532933473587,0.590964198112488,0.642101168632507,0.648619532585144,0.651506662368774,0.650965094566345,0.650721728801727,0.61450606584549,0.629145503044128,0.632605493068695,0.598894417285919
CHN,China,pl_n,"Price level of the capital stock, price level of USA in 2017=1",,,0.141804531216621,0.143235266208649,0.145637527108192,0.147387608885765,0.149110555648804,0.149058938026428,0.152192056179047,0.158201172947884,0.160922273993492,0.164614707231522,0.161127433180809,0.164711266756058,0.164523258805275,0.166947424411774,0.168902322649956,0.167801886796951,0.170630499720573,0.169242650270462,0.172556668519974,0.175217002630234,0.194145902991295,0.219155699014664,0.221797004342079,0.236504152417183,0.228502109646797,0.242188408970833,0.270291149616241,0.303771495819092,0.3142349421978,0.28582763671875,0.261702120304108,0.256091475486755,0.241831421852112,0.209761872887611,0.190539374947548,0.190062746405602,0.212270617485046,0.228480324149132,0.190396904945374,0.186484172940254,0.202261716127396,0.234520852565765,0.176035791635513,0.195943281054497,0.204689979553223,0.208164110779762,0.204705789685249,0.202962636947632,0.209380105137825,0.20961157977581,0.21120186150074,0.216381594538689,0.229724392294884,0.235051676630974,0.241943687200546,0.266337901353836,0.308642446994782,0.299816459417343,0.311495780944824,0.345094174146652,0.373245090246201,0.398410499095917,0.417593985795975,0.417111337184906,0.404012322425842,0.434587210416794,0.469198495149612,0.457277923822403
CHN,China,pop,Population (in millions),,,579.577177525343,589.316980637563,599.942908868414,612.053059730567,624.568160905758,638.77029850747,652.377170847444,660.090621556992,656.36935168172,650.326190175772,659.034130387552,680.16450791241,702.172144379058,721.824579481208,742.360553733743,761.947231357662,782.962656436961,805.647693442462,827.601394,848.75971,869.485964,889.485372,908.464198,926.240885,942.685411,957.891272,972.205442,986.132202,1000.089235,1014.022212,1027.948987,1042.431412,1058.171976,1075.589361,1095.014109,1116.095476,1137.724227,1158.357397,1176.883674,1192.897284,1206.711244,1218.817055,1230.020031,1240.920535,1251.636186,1261.996012,1271.98235,1281.514832,1290.550765,1299.129752,1307.352257,1315.303521,1323.084641,1330.77638,1338.408647,1345.993888,1353.569484,1361.169419,1368.810615,1376.497639,1384.206401,1391.88333,1399.453965,1406.84787,1414.049351,1421.021791,1427.647786,1433.783686
CHN,China,rconna,Real consumption at constant 2017 national prices (in mil. 2017US$),,,144535.96875,149267.515625,148744.921875,162187.828125,173612.859375,180217.640625,184025.546875,161913.890625,166163.5,170553.296875,184586.53125,188343.046875,204819.96875,221556.046875,232201.75,245961.796875,237076.046875,257854.171875,260878.484375,277637.375,292350.9375,310455.03125,319799.5625,332913.4375,346909.125,359409.78125,387408.65625,415114.59375,441244.59375,465825.6875,496599.09375,557086.75,644800.9375,736345.4375,783948.5,840459.3125,904897.125,956125.0625,1003404.0625,1093726.875,1232158.625,1392363.5,1493737.875,1623679.375,1799024,1923348.875,2096446.375,2337927.75,2598866,2771043,3012118.75,3192677,3433734.5,3813503.75,4179605.5,4678310.5,5056456.5,5557826.5,6070841,6810547,7400153,7932979,8507697,9209667,9990200,10721723,11592681,12331125
CHN,China,rgdpe,Expenditure-side real GDP at chained PPPs (in mil. 2017US$),,,554906.4375,626291.125,584967.125,642037,693936.1875,718618.875,732355.875,698911.125,653809.875,557476,606995.3125,682242.4375,769554.8125,848763.25,873069.8125,898740.1875,873268.5,960898.75,1076008.5,1185134.125,1151329.75,1252818.875,1267655.375,1329181.5,1280487.875,1372711.875,1576768,1654903.375,1680611.625,1699062.5,1835521,1964411.75,2218213.5,2455282.25,2554891.5,2734961.75,2886488.5,2891000.25,2916157.25,3073974.25,3311326,3552449.75,3905992.5,4327762.5,4660242,4897091.5,4907700,5144599,5514430,5983303.5,6559405.5,7129783,7976863.5,8890609,9853383,10853901,11386127,12306399,13861263,14823930,15725230,16450837,17117492,17866282,18611202,19501140,19508708,20056066
CHN,China,rgdpna,Real GDP at constant 2017 national prices (in mil. 2017US$),,,557468.3125,630467.125,586751.375,641581.4375,695460.25,718725.3125,739635.3125,724461.0625,689786.875,558305.375,591366.25,677432.875,771682.9375,857507.25,885350.75,889345.4375,865986.375,953460.25,1085341.125,1182455.75,1173581.875,1261324.375,1299351.25,1391712,1349881.875,1428767,1594763.125,1719783.125,1804728.625,1861601.125,2031704.875,2178264.75,2414971,2602347.25,2780601,3008488,3142030,3153668.75,3165272,3300483.75,3556377.75,3920962.75,4256331,4657186.5,4990733,5274995,5305999.5,5573186,5962253,6370915,6969823,7496914,8225812.5,9019761,9982318,10976751,11616248,12577917,13947309,14918415,15416000,16562428,17711682,18379366,19132416,19687162,19841296,20572606
CHN,China,rgdpo,Output-side real GDP at chained PPPs (in mil. 2017US$),,,558018.375,628424.125,583444.6875,642968.5,688502.875,711932.8125,726526.625,694188.75,652545.8125,554673.5625,600626.4375,674771.6875,762317.125,843119.75,867200.875,892459.375,866469.3125,951517.6875,1069680.5,1173451.125,1139618.25,1242443.125,1264736.375,1323576,1272720.75,1364091,1573643.875,1653973.375,1678407.5,1690707.875,1811746.875,1951130,2217259.75,2513141.5,2591463,2727283.75,2899746.5,2904513.25,2856361.25,3006093.75,3285450.5,3587539.75,3854175,4257891,4580774.5,4742227.5,4759017.5,5037556.5,5420106.5,5898086,6458509,7056661.5,7876309.5,8767904,9562662,10522240,11210087,12166251,13847619,14969009,15920895,16563043,17369238,17985756,18591710,19687162,19729128,20257660
CHN,China,rkna,Capital services at constant 2017 national prices (2017=1),,,,,,,0.004209526348859,0.0045396834611892,0.0051464843563735,0.0060519967228174,0.0067762108519673,0.0068187527358532,0.0066963573917746,0.0067508947104215,0.006973314564675,0.0073832469061017,0.0079526836052537,0.0082412995398044,0.0085092857480049,0.0088747041299939,0.0096510583534836,0.0105038983747363,0.011346030049026,0.0122415674850345,0.0132863316684961,0.0145583767443895,0.0156705938279629,0.0168395228683949,0.0184582602232695,0.0201107580214739,0.0219055768102407,0.0235257148742676,0.0254127215594053,0.0275905542075634,0.0303259212523699,0.0337151624262333,0.0372147746384144,0.040949858725071,0.0452323406934738,0.0479486212134361,0.0503891296684742,0.0536981411278248,0.0590427927672863,0.0669468194246292,0.0754891037940979,0.0841661989688873,0.0935645699501038,0.103591337800026,0.115836672484875,0.128749027848244,0.14254204928875,0.158123478293419,0.176131263375282,0.199696779251099,0.227184653282166,0.257956326007843,0.290957391262054,0.32557213306427,0.365414083003998,0.419027626514435,0.479354023933411,0.542249023914337,0.610160946846008,0.68216335773468,0.756438970565796,0.834252893924713,0.915516972541809,1,1.0898609161377,1.18227791786194
CHN,China,rnna,Capital stock at constant 2017 national prices (in mil. 2017US$),,,310990.59375,334352.625,360667.6875,383670.40625,411124.9375,440888.09375,494695.40625,574450.375,639094.375,647244.6875,640185.125,648232,670631.8125,709838.4375,764008.4375,792162.9375,819100.3125,854370.5,928408.75,1009910.9375,1089678,1174148.125,1272041.875,1391132,1499798.375,1610653.75,1748916.25,1887810,2050125.625,2201382,2373196.25,2564520,2788375.5,3062348.5,3355765.75,3667099,4025249,4280796,4507292,4792657,5221935,5844427,6537489.5,7287129,8110573,8979761,10003681,11063193,12185232,13473339,14960161,16804928,18906530,21265522,23925228,26898422,30215794,34513832,39311248,44421292,49921088,55871108,62120152,68791656,75896304,83349168,91322456,99608664
CHN,China,rtfpna,TFP at constant national prices (2017=1),,,,,,,1.09967970848084,1.08290445804596,1.0179306268692,0.89805942773819,0.831035673618317,0.680106580257416,0.721153199672699,0.815633893013001,0.894824326038361,0.945394515991211,0.920181930065155,0.885686814785004,0.823290765285492,0.858847498893738,0.924429833889008,0.939368963241577,0.878801763057709,0.893429100513458,0.865034282207489,0.867026269435883,0.794035732746124,0.795833468437195,0.833793044090271,0.844882607460022,0.831546783447266,0.807610511779785,0.824118316173554,0.835667312145233,0.871078193187714,0.878262937068939,0.8824622631073,0.900601148605347,0.881168007850647,0.83893221616745,0.804931700229645,0.798175990581513,0.813217043876648,0.83678936958313,0.847858369350433,0.869077444076538,0.873995780944824,0.866998016834259,0.814295530319214,0.802407801151276,0.809721112251282,0.818218648433685,0.845790207386017,0.853513181209564,0.873572170734406,0.894587993621826,0.936785697937012,0.982746720314026,0.988537192344666,1.00050640106201,1.03071773052216,1.03062343597412,0.998782634735107,1.01338231563568,1.02807331085205,1.01854455471039,1.01451134681702,1,0.96712863445282,0.964572727680206
CHN,China,xr,"Exchange rate, national currency/USD (market+estimated)",,,2.46180897822719,2.46180897822719,2.46180897822719,2.46180897822719,2.46180897822719,2.46180897822719,2.46180897822719,2.46180897822719,2.46180897822719,2.46180897822719,2.46180897822719,2.46180897822719,2.46180897822719,2.46180897822719,2.46180897822719,2.46180897822719,2.46180897822719,2.46180897822719,2.46180945506436,2.46180945506436,2.24506695586737,1.98941597413555,1.961199999,1.859799999,1.941399999,1.85782380200975,1.683599999,1.554999999,1.498399999,1.7045333325,1.89254166583333,1.97567499916667,2.32004166625,2.93665833325,3.45279166658333,3.7221,3.7221,3.76510833333333,4.78320833333333,5.32339166666667,5.51459166666667,5.76195833333333,8.61874266666667,8.35141666666667,8.314175,8.28981666666667,8.27895833333333,8.27825,8.27850416666667,8.27706833333333,8.2769575,8.27703666666667,8.27680083333333,8.19431666666667,7.97343833333333,7.6075325,6.948655,6.83141605176666,6.7702690287094,6.46146132655007,6.31233282683186,6.19575834608231,6.14343409448867,6.22748867298455,6.6444778294468,6.75875508633597,6.61595717735439,6.90838500992901
FRA,France,avh,Average annual hours worked by persons engaged,2350.95961922309,2360.51578305292,2338.8275198704,2313.31221098633,2316.42755717836,2292.0477029135,2236.06132286438,2199.60516841742,2179.39331619537,2179.2483721855,2188.477149804,2165.18957557707,2177.76889065527,2159.34232457222,2166.1525250061,2153.15842980835,2144.5720216258,2110.47164725137,2086.60223927417,2011.94969809347,1992.50797522987,1989.73169592828,1936.62769759131,1920.42694314749,1888.46777339321,1862.60458950448,1888.88616375011,1850.32821065876,1819.02715861884,1815.54144112166,1806.13378384347,1785.58718719604,1714.37840102306,1696.30262228501,1689.65015974441,1654.32205274158,1648.35168385184,1659.38566478045,1667.40755864466,1651.26678052946,1644.85066858497,1637.7817276028,1635.15248332413,1626.6858847772,1623.23356541797,1601.21158807359,1597.2815088944,1595.64532821433,1585.28968091215,1578.30450977251,1558.33880165612,1537.95660377359,1503.88673461568,1507.25677073358,1530.85601162924,1532.07590897002,1515.01120006013,1536.81550088915,1542.7960853699,1531.45117267609,1539.80306190866,1546.33118899734,1540.88061901253,1526.24200073556,1518.11103387722,1519.48435617539,1522.06935829071,1505.3678615042,1495.45792132034,1504.91235283781
FRA,France,ccon,"Real consumption of households and government, at current PPPs (in mil. 2017US$)",236568.6875,253175.671875,265722.625,279515.53125,287336.4375,301225.375,319444.625,332558,333053.6875,337954.6875,356573.03125,382677.71875,411262.40625,437465.84375,459748.9375,479412,503755.90625,532613.3125,556585.375,590005.0625,614705.5,659318.5625,702188,751939.125,791417.4375,826016.125,868933.625,897075.25,936455.375,968449.375,993359.1875,991117.875,1000744.3125,988171.4375,969617.5,969158.5625,1005773.5625,1037715.3125,1075042.75,1111462.125,1149937.5,1162693.625,1182061.75,1187855,1206067.25,1227813.375,1267963.75,1346669,1435375,1509736.25,1605491.125,1676407.75,1711468.25,1666325.125,1651027.125,1753196.875,1795209.125,1862644.75,1912948.5,1932437.375,1995495.5,2069179.625,2069800.375,2059097.625,2039305,2068600.25,2110360,2173352.75,2196482,2233350
FRA,France,cgdpe,Expenditure-side real GDP at current PPPs (in mil. 2017US$),319061.96875,336091.46875,349076.84375,365963.65625,385172.71875,405143.8125,425123.75,449468.78125,464606.78125,478995.25,520538,544613.5625,578636.1875,615059.625,656693.5625,687931.1875,725656,763436.875,797888.8125,855988,908321.0625,964117.4375,1018262.4375,1091705.875,1129199.5,1140165.125,1191442.25,1235556.125,1299224,1351001.875,1373381.375,1334282.75,1338640.125,1321368.375,1297105.5,1292081.25,1351843.125,1386856.625,1463385.125,1523176.125,1564912.5,1575199.25,1601474.375,1585818.125,1615865.125,1642594.625,1662725.375,1766385,1885402.5,1977071.75,2087296.75,2159787.75,2184165,2124138.5,2180486,2333724,2420215.25,2536418.25,2582489.5,2521018,2620077.25,2699752.5,2734094.25,2707164.5,2702652.5,2762439.25,2803517.25,2922007,2961145.75,3010224
FRA,France,cgdpo,Output-side real GDP at current PPPs (in mil. 2017US$),317923.90625,336081.9375,347803,363269.625,382673.625,402249.25,422147.25,445595.78125,462416.28125,474598.25,508478.8125,532654,571775.25,608212.25,648111.1875,679365,718350.8125,756496.3125,790992.5,848504.6875,902698.4375,957984.1875,1009346.625,1077390.625,1123290.875,1125141.875,1177582.375,1224649,1279007.625,1327218.75,1347289.375,1318136,1324084.375,1305934.5,1288068.75,1275418.25,1339403,1373032.25,1443791.875,1500912.5,1535612.5,1553607.125,1572490.375,1563943.75,1599833.25,1626450.625,1654349.875,1766049.875,1887980.75,1981795.75,2105389,2168642.75,2186888,2127981,2172882,2339121.75,2415135.25,2524260,2518676.75,2474867.75,2563624.5,2626632.25,2657192,2632049.5,2633556,2716354.5,2763681,2869816.5,2901337.75,2950146.25
FRA,France,ck,Capital services levels at current PPPs (USA=1),,,,,0.139939591288567,0.139408454298973,0.140125691890717,0.140947580337524,0.143564641475678,0.143742829561234,0.144203633069992,0.145633190870285,0.146502181887627,0.148088231682777,0.150359332561493,0.151870638132095,0.153173819184303,0.155020862817764,0.157835111021996,0.162335321307182,0.167186260223389,0.170284315943718,0.170032262802124,0.170009672641754,0.169037640094757,0.171536147594452,0.174990996718407,0.179421722888947,0.182156935334206,0.185121282935143,0.182444468140602,0.179766237735748,0.174459040164948,0.168718531727791,0.1600641310215,0.156547844409943,0.154741376638412,0.152606695890427,0.152184501290321,0.154133602976799,0.15654119849205,0.158870086073875,0.159932062029839,0.160247027873993,0.158539950847626,0.156543239951134,0.153416126966476,0.145184800028801,0.136489197611809,0.130653321743011,0.12326792627573,0.117130100727081,0.114042326807976,0.113135412335396,0.125283032655716,0.13539257645607,0.149106219410896,0.157103210687637,0.164401635527611,0.173518776893616,0.188217595219612,0.195374265313149,0.193389281630516,0.195663601160049,0.194603145122528,0.191324651241303,0.195539757609367,0.200566619634628,0.203750282526016,0.205013886094093
FRA,France,cn,Capital stock at current PPPs (in mil. 2017US$),1665636.125,1691040.875,1747303.875,1785370,1841773.875,1904573.75,1977475.75,2057908.5,2148919.5,2228634.75,2337711.25,2448993,2582985,2729028.5,2895058,3053635.5,3226894,3405475.5,3601869.5,3818030.5,4048164.5,4263204,4458198,4666002.5,4885876.5,5079783.5,5295687.5,5566904.5,5836406,6109781.5,6268922.5,6251869.5,6091587.5,5871083.5,5723049,5708964.5,5781997.5,5884942.5,6041235,6233175.5,6432617,6642135.5,6828187.5,6987828.5,7139609.5,7275160.5,7368295,7246787,7124163,7006717.5,6962127,6877291.5,6834510.5,6823245.5,7761343,8548550,9794697,10812035,11633671,12120916,13083475,13734435,13871869,14650625,15092760,15219803,15654266,16207717,16414001,16697563
FRA,France,csh_c,Share of household consumption at current PPPs,0.601776480674744,0.607464134693146,0.612025022506714,0.616825699806213,0.606146812438965,0.604188859462738,0.608801364898682,0.60126656293869,0.580415964126587,0.573565721511841,0.567581474781036,0.580497980117798,0.581904411315918,0.581988394260407,0.571516275405884,0.565732598304749,0.559262096881867,0.559863924980164,0.557299613952637,0.548459827899933,0.53510856628418,0.53823733329773,0.542319655418396,0.542510628700256,0.544971585273743,0.561719298362732,0.566816091537476,0.562301993370056,0.559914410114288,0.560113191604614,0.563790202140808,0.571886241436005,0.573697507381439,0.574130654335022,0.570309638977051,0.573732078075409,0.566711246967316,0.570001304149628,0.56137090921402,0.560198903083801,0.576672554016113,0.572149991989136,0.570652425289154,0.572904586791992,0.569928646087647,0.57588255405426,0.589899718761444,0.578272759914398,0.577006042003632,0.574744880199432,0.574952602386475,0.581765532493591,0.582982361316681,0.585365116596222,0.578504264354706,0.571398496627808,0.563521564006805,0.556588470935822,0.565643846988678,0.570097506046295,0.569894075393677,0.579649269580841,0.575213253498077,0.575670063495636,0.566317021846771,0.55431741476059,0.553685426712036,0.544195532798767,0.542794525623322,0.541661858558655
FRA,France,csh_i,Share of gross capital formation at current PPPs,0.229872077703476,0.235522627830505,0.231763288378716,0.221241638064384,0.235288739204407,0.239853769540787,0.255097091197968,0.268147081136704,0.282370954751968,0.272572994232178,0.294572502374649,0.278393507003784,0.276938408613205,0.281449317932129,0.299857169389725,0.292970955371857,0.301670610904694,0.29984587430954,0.301671028137207,0.317290753126144,0.319796800613403,0.3085618019104,0.305327594280243,0.308834969997406,0.311717182397842,0.269331574440002,0.283278167247772,0.278090208768845,0.272997349500656,0.284184604883194,0.297737121582031,0.275231510400772,0.280011892318726,0.257845491170883,0.252946943044663,0.256917297840118,0.259597629308701,0.265375763177872,0.275650978088379,0.281265527009964,0.278228878974915,0.268697500228882,0.259900242090225,0.237425968050957,0.24105566740036,0.238866299390793,0.22071048617363,0.207522660493851,0.210939005017281,0.211950391530991,0.21567115187645,0.207234546542168,0.196273803710938,0.200905084609985,0.233503967523575,0.24732917547226,0.261125296354294,0.274096071720123,0.277707546949387,0.245884701609612,0.256829053163528,0.260090202093124,0.263333588838577,0.256862461566925,0.263637632131577,0.261190801858902,0.256947368383408,0.27171128988266,0.274178951978683,0.273326486349106
FRA,France,ctfp,TFP level at current PPPs (USA=1),,,,,0.606439054012299,0.613527595996857,0.642016530036926,0.667620062828064,0.690677881240845,0.690743148326874,0.720046758651733,0.740483283996582,0.764250874519348,0.786857962608337,0.802128791809082,0.806251883506775,0.808303713798523,0.831016719341278,0.839442193508148,0.874859690666199,0.903825700283051,0.923929452896118,0.95210874080658,0.971933603286743,1.02734673023224,1.04791295528412,1.03625738620758,1.04212856292725,1.05959856510162,1.06952154636383,1.09830021858215,1.06833791732788,1.1160489320755,1.08503031730652,1.04453825950623,1.01991927623749,1.0235561132431,1.01522707939148,1.01568460464478,1.02538740634918,1.02098715305328,1.02246057987213,0.995728135108948,0.988664507865906,0.996085405349731,1.00804555416107,1.00741147994995,1.05828666687012,1.10522854328156,1.129927277565,1.17324995994568,1.21119940280914,1.22869479656219,1.1663955450058,1.09181022644043,1.10814440250397,1.07640826702118,1.06011497974396,1.02526164054871,1.0046900510788,0.973823428153992,0.961708903312683,0.964442729949951,0.943534851074219,0.931179702281952,0.940754115581513,0.934198260307312,0.942834138870239,0.92624819278717,0.908660173416138
FRA,France,delta,Average depreciation rate of the capital stock,0.0256529022008181,0.0255721472203732,0.0254731774330139,0.025360343977809,0.0252560265362263,0.0251562986522913,0.0250728596001863,0.0250309109687805,0.0250113438814878,0.0249548722058535,0.0249315313994885,0.0249552968889475,0.0249970685690641,0.0250653214752674,0.0251451842486858,0.0252153854817152,0.0252911429852247,0.0253904331475496,0.0254968926310539,0.0256836153566837,0.0259091965854168,0.026129487901926,0.0263537056744099,0.02660121768713,0.0268245209008455,0.0269650556147099,0.0271411780267954,0.0273530744016171,0.0275588370859623,0.0277670137584209,0.0279735494405031,0.0281663443893194,0.0283347554504871,0.028464263305068,0.0285440031439066,0.0286487750709057,0.0287945196032524,0.0289717875421047,0.0292220525443554,0.0295605175197124,0.0299755595624447,0.0303626712411642,0.0306681487709284,0.030862158164382,0.0309862792491913,0.0311362072825432,0.0313147231936455,0.0315279737114906,0.0318323820829392,0.0322732515633106,0.0327744111418724,0.0332642048597336,0.0336497686803341,0.0339050926268101,0.034123532474041,0.0343375131487846,0.0345481634140015,0.0347957611083984,0.035102341324091,0.0352277159690857,0.0352323651313782,0.0353479497134686,0.0355217605829239,0.0356910862028599,0.0358541756868362,0.0360875017940998,0.0364073179662228,0.036821074783802,0.0373194441199303,0.0378649495542049
FRA,France,emp,Number of persons engaged (in millions),19.5536651611328,19.6878414154053,19.7677745819092,19.6939277648926,19.7337532043457,19.8879985809326,20.1383972167969,20.2924823760986,20.2432460784912,20.1340923309326,20.1682720184326,20.160270690918,20.1441192626953,20.2943649291992,20.5105094909668,20.57350730896,20.7320995330811,20.7899112701416,20.7368717193604,21.0490531921387,21.3323135375977,21.3912239074707,21.5059127807617,21.7946891784668,22.0068511962891,21.8664264678955,22.0828533172607,22.2907104492188,22.4238395690918,22.5713405609131,22.6621704101563,22.6307773590088,22.6859302520752,22.6903839111328,22.5727272033691,22.5525608062744,22.6970386505127,22.9224720001221,23.1696071624756,23.4682865142822,23.6595039367676,23.6853408813477,23.5261344909668,23.2829685211182,23.4111442565918,23.6585216522217,23.8062839508057,24.0038528442383,24.4393138885498,25.0203952789307,25.6252250671387,25.9742908477783,26.1023044586182,26.1241989135742,26.1654033660889,26.3345718383789,26.6095867156982,26.99143409729,27.131742477417,26.8328762054443,26.8761615753174,27.0983829498291,27.2086753845215,27.2159309387207,27.3122158050537,27.3850765228272,27.5841102600098,27.8816413879395,28.1820640563965,28.532564163208
FRA,France,irr,Real internal rate of return,0.0652870312333107,0.0602753721177578,0.0543122664093971,0.0635179579257965,0.0684833973646164,0.0702760964632034,0.0731232464313507,0.0725797563791275,0.0732133835554123,0.0781555995345116,0.0879538431763649,0.0848926603794098,0.080782949924469,0.079135075211525,0.0799951702356339,0.0796692967414856,0.0801659524440765,0.0809436291456223,0.0794461742043495,0.0840059965848923,0.0831901356577873,0.0813392773270607,0.077984519302845,0.0780588313937187,0.0715244486927986,0.0574197880923748,0.0551454536616802,0.0543694570660591,0.0537525936961174,0.0537053979933262,0.0493152886629105,0.0482935197651386,0.047239400446415,0.0500682480633259,0.0534608438611031,0.0563506670296192,0.0633950605988503,0.0642769485712051,0.0701723322272301,0.0736214369535446,0.0716518983244896,0.0682636648416519,0.0692033767700195,0.0671373084187508,0.0688413679599762,0.0690605491399765,0.0680133178830147,0.0699640959501267,0.0732129365205765,0.0716066434979439,0.0729670897126198,0.0715283825993538,0.0691919773817062,0.0676368474960327,0.0679724588990212,0.0665782615542412,0.064526841044426,0.0658671855926514,0.0614306405186653,0.0544249899685383,0.054787028580904,0.0539639331400394,0.0515528246760368,0.0514280870556831,0.0508383102715015,0.053119745105505,0.0523114539682865,0.0511527918279171,0.0503811240196228,0.0495442152023315
FRA,France,labsh,Share of labour compensation in GDP at current national prices,0.668145716190338,0.667878687381744,0.68713104724884,0.67962509393692,0.684442281723023,0.679552733898163,0.68184894323349,0.677023410797119,0.672292053699493,0.669726312160492,0.658455729484558,0.665474891662598,0.675666689872742,0.680621564388275,0.677655100822449,0.671369254589081,0.666939556598663,0.662639498710632,0.667734563350678,0.655320048332214,0.655757486820221,0.655638456344605,0.659164726734161,0.654007136821747,0.65423458814621,0.683620929718018,0.687005579471588,0.684333980083466,0.68982321023941,0.688371360301971,0.691270351409912,0.689041256904602,0.689971208572388,0.680785894393921,0.668136954307556,0.659426212310791,0.639003932476044,0.633567869663239,0.618516981601715,0.612028002738953,0.617570519447327,0.618926346302033,0.61742240190506,0.619319260120392,0.617228090763092,0.620157718658447,0.62336277961731,0.61702024936676,0.612329661846161,0.618589043617249,0.615421056747437,0.617072582244873,0.621556222438812,0.621750712394714,0.616436123847961,0.615843415260315,0.615579426288605,0.607302129268646,0.607688724994659,0.621325552463532,0.620701193809509,0.61918979883194,0.623384058475494,0.62315434217453,0.623721718788147,0.617955982685089,0.620325148105621,0.623361527919769,0.624132037162781,0.624132037162781
FRA,France,pl_c,"Price level of household consumption,  price level of USA GDPo in 2017=1",0.091359905898571,0.10788856446743,0.120246112346649,0.119389839470387,0.121454194188118,0.123864889144897,0.131436258554459,0.135263979434967,0.131396263837814,0.119509965181351,0.122422881424427,0.124503046274185,0.129372179508209,0.136809647083282,0.1426632553339,0.146887615323067,0.151703089475632,0.155756592750549,0.163942381739616,0.168396756052971,0.166774943470955,0.174770429730415,0.201365247368813,0.242166340351105,0.251656383275986,0.311476498842239,0.304522335529327,0.324248671531677,0.382721483707428,0.448343098163605,0.505428671836853,0.458909511566162,0.434679955244064,0.419382870197296,0.405364006757736,0.427966266870499,0.569763541221619,0.676640152931213,0.699136972427368,0.674004673957825,0.791195750236511,0.786136329174042,0.860683143138886,0.81747442483902,0.840887248516083,0.935160517692566,0.907054603099823,0.770135879516602,0.744526565074921,0.702556073665619,0.606089651584625,0.590458691120148,0.632629334926605,0.801447093486786,0.909826517105103,0.893742918968201,0.923935055732727,1.02344346046448,1.11575198173523,1.0558295249939,1.00125968456268,1.0333309173584,0.960814476013184,1.01363515853882,1.03860402107239,0.875167727470398,0.876350998878479,0.897060453891754,0.953963935375214,0.913002848625183
FRA,France,pl_con,"Price level of CCON (PPP/XR), price level of USA GDPo in 2017=1",0.0922224298119545,0.108674451708794,0.122078821063042,0.121827207505703,0.12399285286665,0.125687494874001,0.133717969059944,0.137625798583031,0.133543208241463,0.122028589248657,0.125149413943291,0.127558469772339,0.133332073688507,0.141647458076477,0.147836655378342,0.151904687285423,0.156364545226097,0.160422593355179,0.168892875313759,0.173271030187607,0.172103196382523,0.180382639169693,0.207406282424927,0.250132858753204,0.259698539972305,0.323845535516739,0.319091558456421,0.341118365526199,0.403858244419098,0.473859637975693,0.535068511962891,0.484138041734695,0.459701061248779,0.444869965314865,0.430426120758057,0.452026963233948,0.601099610328674,0.709669589996338,0.732721269130707,0.704837203025818,0.842917561531067,0.837404310703278,0.917271196842194,0.877316057682037,0.90370100736618,1.01560258865356,0.995346426963806,0.836506485939026,0.801887929439545,0.75378829240799,0.646409451961517,0.626171946525574,0.669649839401245,0.854727029800415,0.988026857376099,0.970295667648315,0.99438202381134,1.09198343753815,1.17518544197083,1.10610294342041,1.05075514316559,1.0886926651001,1.02007353305817,1.0750584602356,1.09699785709381,0.917647302150726,0.913349330425263,0.926942944526672,0.979462027549744,0.934080362319946
FRA,France,pl_gdpo,"Price level of CGDPo (PPP/XR), price level of USA GDPo in 2017=1",0.091151773929596,0.108645245432854,0.122265636920929,0.121445789933205,0.122377581894398,0.125152811408043,0.131397694349289,0.136114507913589,0.130709305405617,0.117966048419476,0.122258543968201,0.126511290669441,0.132078915834427,0.139346837997437,0.145016044378281,0.14947672188282,0.153259798884392,0.157429665327072,0.16410531103611,0.167235776782036,0.164452448487282,0.173254027962685,0.201600387692451,0.245427563786507,0.254203051328659,0.320713609457016,0.316174954175949,0.335023015737534,0.396162509918213,0.462599337100983,0.520530343055725,0.466986477375031,0.441717892885208,0.428726851940155,0.412009745836258,0.433695316314697,0.575994253158569,0.680352747440338,0.705651223659515,0.683026492595673,0.826470613479614,0.816953659057617,0.891198873519898,0.845865666866303,0.871326088905335,0.984349966049194,0.970631957054138,0.822676837444305,0.796168029308319,0.753157436847687,0.647029042243958,0.634707152843475,0.683324694633484,0.864862024784088,0.973745763301849,0.938844501972199,0.959977269172669,1.05261611938477,1.15873980522156,1.08695113658905,1.03080999851227,1.0893828868866,1.01002311706543,1.06801843643188,1.08300936222076,0.8976029753685,0.894200682640076,0.904291689395905,0.960889101028442,0.920469045639038
FRA,France,pl_i,"Price level of capital formation,  price level of USA GDPo in 2017=1",0.0863084495067596,0.10853885859251,0.120964556932449,0.116115994751453,0.113894931972027,0.119797669351101,0.120865941047668,0.127470895648003,0.121292650699615,0.103440925478935,0.105801627039909,0.113861314952374,0.123190715909004,0.127951562404633,0.13196462392807,0.137283936142921,0.140913024544716,0.14561028778553,0.148211389780045,0.149343311786652,0.144975557923317,0.153793454170227,0.182584553956985,0.224303171038628,0.237445443868637,0.296431928873062,0.295318990945816,0.308219522237778,0.352825373411179,0.404633373022079,0.450150310993195,0.39903998374939,0.375410944223404,0.361650049686432,0.345789819955826,0.357341229915619,0.482741713523865,0.570762455463409,0.597559690475464,0.58933413028717,0.7250816822052,0.717605233192444,0.753009617328644,0.696263313293457,0.734397172927856,0.845330893993378,0.862940490245819,0.771130800247192,0.780565083026886,0.759157776832581,0.674657881259918,0.678853988647461,0.742099285125732,0.912026524543762,0.91282844543457,0.852286100387573,0.854290127754211,0.928005695343018,1.00682389736176,0.943047761917114,0.880837142467499,0.972603380680084,0.867850601673126,0.926688015460968,0.93290776014328,0.780527055263519,0.786827921867371,0.779987871646881,0.836610317230225,0.813518226146698
FRA,France,pl_k,"Price level of the capital services, price level of USA=1",,,,,0.745737433433533,0.729371905326843,0.780049026012421,0.811932682991028,0.787948906421661,0.66584837436676,0.747854590415955,0.752003312110901,0.746758997440338,0.767950713634491,0.784075617790222,0.778122961521149,0.780787706375122,0.815046727657318,0.794568717479706,0.831526935100555,0.81133383512497,0.795210480690002,0.884434282779694,1.05066227912903,1.0527902841568,1.05492198467255,0.939385116100311,0.916303038597107,0.971391081809998,1.04239892959595,1.10563814640045,0.860617816448212,0.811036884784699,0.73582535982132,0.684622287750244,0.697364926338196,1.00188422203064,1.20299577713013,1.28570747375488,1.17843413352966,1.35119807720184,1.28442096710205,1.3531596660614,1.18766570091248,1.17803275585175,1.29510509967804,1.24287796020508,1.14452350139618,1.24961805343628,1.20969653129578,1.14221847057343,1.18236792087555,1.2242283821106,1.41856026649475,1.38519418239594,1.21198260784149,1.09683084487915,1.16054701805115,1.1956068277359,0.993726849555969,0.862175226211548,0.880920708179474,0.796947360038757,0.792638540267944,0.775503218173981,0.660187542438507,0.630148947238922,0.617474496364594,0.61505538225174,0.576514720916748
FRA,France,pl_n,"Price level of the capital stock, price level of USA in 2017=1",0.0549237467348576,0.0706504508852959,0.0815261825919151,0.077424593269825,0.0752783492207527,0.0786757320165634,0.0808202177286148,0.0869886428117752,0.0836505517363548,0.0717733576893807,0.0722952783107758,0.075157642364502,0.0804727748036385,0.0856725946068764,0.0900400578975678,0.0947765186429024,0.0981552377343178,0.101128660142422,0.104767806828022,0.107542097568512,0.106195107102394,0.11454726755619,0.137172177433968,0.173129379749298,0.189601048827171,0.244570851325989,0.245876669883728,0.2627934217453,0.305225491523743,0.354571580886841,0.41077595949173,0.365954846143723,0.358543187379837,0.353494673967361,0.343405038118362,0.355685919523239,0.4810431599617,0.575299918651581,0.600138068199158,0.574478566646576,0.69036877155304,0.686927855014801,0.735688269138336,0.690202593803406,0.705020606517792,0.786123275756836,0.779596090316773,0.718214869499207,0.741782665252686,0.744500756263733,0.676277279853821,0.69674414396286,0.769970953464508,0.967152833938599,0.99389523267746,0.952905476093292,0.900829672813416,0.945133686065674,1.01311767101288,0.932290017604828,0.848488569259644,0.889751851558685,0.840343356132507,0.834300518035889,0.827683389186859,0.692182958126068,0.6822310090065,0.695731222629547,0.742346882820129,0.71619325876236
FRA,France,pop,Population (in millions),42.5499134699338,42.8943363021612,43.2163002613892,43.5279949076191,43.8547881162682,44.2513706598314,44.6911721225217,45.1864736864636,45.6884064015868,46.1636007270301,46.6193024457193,47.1637249205709,48.1251196790313,48.8359737410451,49.3943495017733,49.8395681225098,50.2930556398835,50.6887944963936,51.0730920402438,51.5092858818251,51.957738,52.371342,52.793138,53.207734,53.592233,53.93139,54.220022,54.467702,54.691851,54.917118,55.161527,55.430296,55.718933,56.02377,56.337666,56.654696,56.976123,57.302663,57.627105,57.940212,58.235697,58.512369,58.773365,59.022519,59.265653,59.508484,59.748767,59.988873,60.244337,60.535179,60.874357,61.269223,61.712083,62.182111,62.649664,63.092888,63.503047,63.884679,64.245428,64.598474,64.952503,65.310392,65.665818,66.007876,66.32139,66.596315,66.828164,67.022411,67.191027,67.351247
FRA,France,rconna,Real consumption at constant 2017 national prices (in mil. 2017US$),291141.1875,311911.9375,326676.75,342512.59375,352271.34375,369517,394967.65625,412018.96875,412770.5625,422253.46875,440420.53125,466600.53125,499200.4375,533342.25,562743.3125,585686.3125,613752.5,644560.8125,671295.0625,713545.0625,746940.75,789934.0625,828987.8125,877411.6875,906170.875,932156.125,979441.5,1005992.3125,1051976.125,1087596.125,1106368,1131023.375,1171380.5,1186946.5,1199672,1225574.5,1266807.25,1306607,1350679.5,1386855.75,1425334.625,1446011.375,1471285.375,1485666.625,1504745.75,1523072,1554684.5,1565282.125,1605530,1652067.25,1703502.25,1739016.875,1773839.875,1802391.5,1838718.875,1876782.125,1912540.5,1958368.75,1972104.25,1990440.625,2024295.25,2039460,2043250.25,2059661.125,2079609.75,2107348.5,2142460.75,2173352.75,2193162.25,2227413.25
FRA,France,rgdpe,Expenditure-side real GDP at chained PPPs (in mil. 2017US$),325814.25,340745.46875,352123.90625,368956.28125,389500.40625,411099.71875,432224.9375,456653.21875,471060,487047.125,528044.25,554088.1875,590606.125,628363.0625,671762.75,703565.125,741323.75,778854.875,812868.8125,871884.9375,923051.75,978572,1034177.5625,1111650.75,1136920.75,1141212.375,1197934.125,1243073.5,1310636.875,1364233.625,1376370,1334463,1334384.25,1321127.625,1303934.5,1296068.25,1355866.375,1392626.25,1469952.75,1533447.75,1581529.625,1592352.75,1617568.5,1603544.125,1643756.5,1677481.625,1708607.125,1814682.125,1943271.875,2030947,2135621.25,2198350.5,2213269.5,2144512.5,2197558.25,2312443,2413424.25,2537276,2568201.25,2519388,2613960.75,2680534.25,2716635.75,2706556,2701232.75,2772463.25,2819433.25,2922007,2965537.75,3018884.75
FRA,France,rgdpna,Real GDP at constant 2017 national prices (in mil. 2017US$),372406.8125,393096.03125,405827.9375,420151.28125,444023.46875,467895.71875,491767.96875,518823.125,533146.5,547469.8125,592031.3125,622269.5,663648,706618,752771,789375.0625,830753.5625,872132.1875,910327.6875,975578.5,1036054.8125,1091138.875,1140364.125,1212715.5,1264873.5,1252732.125,1307310.75,1352599.875,1406413.75,1456341.375,1479333.25,1495147.625,1532607,1551624.625,1575111.875,1600672.375,1638084.625,1680050.625,1759737.875,1836178.625,1889867.125,1909676.25,1940218.5,1928021,1973490.375,2015065.75,2043538.625,2091281.75,2166330.5,2240449,2328356.75,2374544.75,2401508.5,2421277,2489792.75,2531203.75,2593201,2656079.25,2662850.75,2586338.75,2636758,2694574.25,2703011.75,2718589.75,2744584.5,2775129.5,2805530.25,2869816.5,2921268.5,2965338.5
FRA,France,rgdpo,Output-side real GDP at chained PPPs (in mil. 2017US$),324868.6875,342548.1875,352087.40625,366107.40625,386715.5625,407777.6875,428428.78125,452271.96875,466216.03125,479286.65625,519088.40625,544624,581668.375,618581.3125,659605.875,690574.625,728002.9375,764380.5625,797234.125,853973.25,905887.25,959781.25,1010713.75,1083912.875,1135803,1131990.125,1187701.5,1237459.25,1295256.25,1350101.5,1377955.5,1350791.625,1348468.625,1329259.5,1315406.5,1294101,1365869.875,1406153.625,1477762.25,1532214.375,1581094.75,1586835.25,1615930,1612599,1645412.25,1682645,1720381.5,1819024.125,1921072.875,2011288.125,2128715.25,2185648.25,2197271.75,2144133.75,2188098.25,2372596.75,2432615.5,2546277.75,2568574.25,2487517.5,2591608.5,2665867.25,2701083,2675257,2680612.5,2730343.75,2765765.25,2869816.5,2902140.75,2946958.25
FRA,France,rkna,Capital services at constant 2017 national prices (2017=1),,,,,0.0951057821512222,0.0980446860194206,0.101734705269337,0.106187120079994,0.111183986067772,0.115518547594547,0.121752761304379,0.128117382526398,0.135656639933586,0.143996074795723,0.153853103518486,0.163552418351173,0.174808070063591,0.186341181397438,0.198544830083847,0.213276490569115,0.228292420506477,0.24454528093338,0.260955721139908,0.278564214706421,0.295682847499847,0.310366094112396,0.326693713665009,0.341668426990509,0.3567014336586,0.371987342834473,0.388065606355667,0.402563393115997,0.416032820940018,0.427870810031891,0.439159393310547,0.45112669467926,0.463721394538879,0.477564513683319,0.494004726409912,0.512736916542053,0.532724857330322,0.550725102424622,0.567464232444763,0.579811275005341,0.592705607414246,0.605656623840332,0.619432687759399,0.6337730884552,0.651663422584534,0.672871351242065,0.695312917232513,0.717565000057221,0.735884666442871,0.7535400390625,0.77207762002945,0.791285157203674,0.811667442321777,0.83435183763504,0.856925547122955,0.869618892669678,0.884911239147186,0.901175916194916,0.917714834213257,0.93244481086731,0.947249829769135,0.962830185890198,0.979997277259827,1,1.02152669429779,1.04484140872955
FRA,France,rnna,Capital stock at constant 2017 national prices (in mil. 2017US$),2147400.75,2198801.5,2248201.25,2297528,2364218.75,2442440.25,2534366.25,2640623,2758898.25,2868153.5,3011394.5,3155985,3316787,3487499.25,3685280.75,3881235.25,4096382.5,4320084.5,4551324,4814120,5084455,5367814,5658841.5,5963602.5,6263353,6519771.5,6771663,7004840.5,7240844.5,7480059.5,7723488.5,7949945,8160763,8347086,8521468,8698795,8887169,9092141,9331721,9600979,9881229,10141223,10378971,10569411,10762340,10953105,11140189,11323192,11534435,11779616,12052053,12322481,12568634,12813933,13072357,13341555,13627169,13941623,14244773,14461299,14687638,14921119,15147027,15357736,15560292,15760554,15971412,16207717,16456631,16726649
FRA,France,rtfpna,TFP at constant national prices (2017=1),,,,,0.415079712867737,0.432877987623215,0.456468939781189,0.481114685535431,0.494213789701462,0.506364166736603,0.539442956447601,0.558185458183289,0.578843057155609,0.601466298103333,0.617780685424805,0.632585763931274,0.645858943462372,0.665655553340912,0.682562828063965,0.72003185749054,0.740912675857544,0.755510032176971,0.777276754379273,0.799443006515503,0.814307153224945,0.798135876655579,0.799807071685791,0.815650045871735,0.836367905139923,0.84589695930481,0.844109773635864,0.846324741840363,0.876832365989685,0.881379008293152,0.887860476970673,0.902528882026672,0.908388316631317,0.907473027706146,0.924843966960907,0.944851517677307,0.951101422309876,0.948975324630737,0.956243455410004,0.949711978435516,0.960087358951569,0.972246706485748,0.973416566848755,0.981174409389496,0.996527493000031,1.00415360927582,1.02144706249237,1.02545416355133,1.03482007980347,1.02849686145782,1.03326296806335,1.03242373466492,1.04437899589539,1.0364830493927,1.01920819282532,0.992171823978424,0.997026443481445,1.00025498867035,0.992377698421478,0.994069278240204,0.994948446750641,0.993808507919312,0.988679468631744,1,1.00336587429047,0.99438601732254
FRA,France,xr,"Exchange rate, national currency/USD (market+estimated)",0.533426689082003,0.533579098154996,0.533579098154996,0.533579098154996,0.533579098154996,0.533579098154996,0.533579098154996,0.55126331899369,0.639837547515872,0.752651255945474,0.752651255945474,0.752651255945474,0.752651255945474,0.752651255945474,0.752651255945474,0.752651255945474,0.752651255945474,0.752651255945474,0.752651255945474,0.791851799351796,0.846730807744134,0.844659231431471,0.769035853819781,0.678821885274619,0.733221609473766,0.653670822230203,0.732194086382659,0.747788852399193,0.688017659592524,0.648581639662864,0.644184755873226,0.828500699372571,1.00191018604624,1.16185842452325,1.33226720647593,1.3697887208689,1.05587586787955,0.916326578317379,0.908129902823915,0.972646326918787,0.83012682233744,0.860135140972147,0.807037021227509,0.86335384788942,0.846403803907878,0.760946601682732,0.779856377780861,0.889797908501116,0.899375365560039,0.938627275833333,1.08540083333333,1.11751,1.06255166666667,0.886034166666667,0.805365,0.80412,0.797140833333333,0.7306375,0.682674711239873,0.719843359785615,0.755044951989835,0.719355253609154,0.778293601412852,0.75315918184727,0.753730736717402,0.901658961641278,0.904035127950359,0.88520550826938,0.846772667108096,0.893276257067393
USA,United States,avh,Average annual hours worked by persons engaged,1990.14487529606,2031.63513382597,2027.81261226693,2021.45028405232,1998.12734469943,2005.58414293591,1990.45868740877,1962.60481996269,1928.46129588436,1953.84128022217,1935.26304062498,1920.71452403175,1940.2341139797,1928.44883222192,1935.14883156396,1955.09656747995,1963.90770457585,1941.09277101009,1937.417662324,1938.09979512771,1893.42364272738,1877.65120506541,1874.2224326107,1872.66317668171,1844.7812233584,1813.24799354055,1809.29706980597,1809.37665450649,1815.71563668467,1817.71381671261,1801.61144491269,1790.0056170005,1770.66609140628,1779.87153698335,1795.5766410899,1801.13737795037,1780.83936497824,1788.51742132868,1798.27152918038,1810.29310275452,1795.56790977175,1787.33781653738,1774.88285231525,1789.95471670626,1807.82733930604,1817.47432777928,1823.5205219269,1828.48827562197,1839.1961472702,1841.33345555138,1844.85397958194,1823.65933830916,1806.69081280371,1790.8416783128,1789.52746000503,1787.01385712912,1787.35116417542,1785.88350541588,1765.76630267283,1728.60764941982,1735.01120602315,1744.90836490222,1746.85856447259,1752.53277609598,1758.26851690656,1770.02317410481,1766.74412526796,1763.72667602045,1774.70381111839,1765.34639005922
USA,United States,ccon,"Real consumption of households and government, at current PPPs (in mil. 2017US$)",1910374.625,2013417.875,2133867,2246223.5,2250290.75,2373638.5,2407983.5,2466107,2489011.25,2583250.5,2674162.5,2769873,2930119.5,3024701.25,3171718,3363499,3576805.25,3745303.75,3967636.5,4088363.25,4140751.75,4251982,4449027.5,4593683.5,4580521,4665351.5,4876976.5,5084588.5,5276308.5,5387699.5,5424992.5,5513010.5,5604999,5907523,6161515,6496052.5,6788825.5,7006447.5,7295033.5,7556708.5,7828797,7845149.5,8098798,8332192.5,8638608,8937290,9254582,9540027,9938284,10436735,10883918,11176356,11468812,11835987,12262053,12903373,13230304,13564434,13690930,13596539,13897419,14162612,14095194,14294676,14672760,15192050,15602346,16019792,16434557,16826236
USA,United States,cgdpe,Expenditure-side real GDP at current PPPs (in mil. 2017US$),2491077.25,2684319,2799123.5,2937957.5,2914079.25,3124572.75,3187240,3257928,3240497.75,3462320.5,3565274.75,3655125,3871828.25,4032528,4261044.5,4547274,4850595,4988774,5243028.5,5407466,5413544,5591324.5,5882464.5,6200566.5,6143633,6136286,6472004,6764708.5,7134494.5,7333368.5,7259292.5,7472227,7358677.5,7722737,8304634.5,8674077,8948904,9214460,9593797,9923342,10104369,10083513,10453822,10774939,11178786,11467534,11903335,12433358,12987007,13624725,14197566,14396745,14700074,15090390,15652782,16415791,16750561,16985660,16850342,16405376,16843858,17140938,17539960,17838098,18332030,18927364,19241262,19754754,20333180,20791364
USA,United States,cgdpo,Output-side real GDP at current PPPs (in mil. 2017US$),2487508,2688159.75,2795585.75,2928556,2910510.25,3119068.25,3184018.5,3252465,3228752.25,3452001.75,3540698.75,3630272.5,3852552.25,4019658.5,4252923.5,4528655,4827971.5,4959432,5203597.5,5366857,5378396.5,5554756,5847313,6179186,6145901,6134044.5,6464279.5,6764340,7138520.5,7364004.5,7341787,7524190,7380424.5,7713319,8265618.5,8608782,8902163,9207579,9586360,9932078,10110408,10093921,10444359,10730839,11162312,11461592,11893809,12424660,12980315,13596571,14156661,14295339,14540255,14954228,15523249,16070041,16525906,16835740,16808304,16380414,16800636,17060996,17444592,17765868,18214814,18775850,19096542,19542980,20128448,20566034
USA,United States,ck,Capital services levels at current PPPs (USA=1),,,,,1,1,1,1,1,1,1,1,1,1,1,1,1,1,1,1,1,1,1,1,1,1,1,1,1,1,1,1,1,1,1,1,1,1,1,1,1,1,1,1,1,1,1,1,1,1,1,1,1,1,1,1,1,1,1,1,1,1,1,1,1,1,1,1,1,1
USA,United States,cn,Capital stock at current PPPs (in mil. 2017US$),10563535,10897412,11257288,11665734,12055788,12493714,12927628,13351198,13734439,14218811,14693844,15186402,15740184,16341326,17002892,17730896,18508464,19240100,19990780,20734944,21379222,22033434,22780352,23606832,24311020,24845978,25479700,26253466,27175102,28144408,28952350,29738416,30368476,31093094,32068474,33126930,34181908,35208520,36224080,37241976,38181020,38943404,39749448,40619168,41576692,42588924,43715280,44934620,46303492,47787512,49329068,50696672,51888828,53147924,54536708,56048904,57539900,58882244,59952004,60486828,61035260,61657100,62424364,63225060,64118460,65053528,65971316,66940280,68005664,69059488
USA,United States,csh_c,Share of household consumption at current PPPs,0.665428340435028,0.621618628501892,0.616867125034332,0.61737060546875,0.633618354797363,0.631466448307037,0.630055606365204,0.629089415073395,0.637316644191742,0.623299598693848,0.631034672260284,0.635408818721771,0.632073223590851,0.625759541988373,0.622459232807159,0.620152235031128,0.61322295665741,0.618089318275452,0.62292343378067,0.621551275253296,0.629621863365173,0.627950310707092,0.627901196479797,0.618617355823517,0.616459369659424,0.627120435237885,0.628197371959686,0.628602564334869,0.621370911598206,0.618071258068085,0.622611284255981,0.615640819072723,0.637180745601654,0.646556913852692,0.633432686328888,0.641054391860962,0.646409690380096,0.645799219608307,0.64801824092865,0.647485435009003,0.666102468967438,0.666923642158508,0.667444288730621,0.67251318693161,0.673026084899902,0.682336866855621,0.686620652675629,0.674804449081421,0.672633588314056,0.674188196659088,0.675671875476837,0.684246480464935,0.68781328201294,0.687455654144287,0.685181856155396,0.696369111537933,0.694550454616547,0.698085963726044,0.702504932880402,0.708716750144959,0.706142425537109,0.710401058197022,0.693950831890106,0.692443609237671,0.694845974445343,0.697479069232941,0.703245222568512,0.704092860221863,0.701681017875671,0.703201293945313
USA,United States,csh_i,Share of gross capital formation at current PPPs,0.231182456016541,0.242349192500114,0.23504926264286,0.237809628248215,0.227396115660667,0.239779904484749,0.240068525075912,0.234980449080467,0.231615468859673,0.2539182305336,0.243928864598274,0.235292360186577,0.237818270921707,0.243219584226608,0.246119618415833,0.254073798656464,0.259236663579941,0.24675577878952,0.243796169757843,0.244493246078491,0.23294572532177,0.2405806183815,0.247796684503555,0.257154285907745,0.254861354827881,0.230313137173653,0.247616976499558,0.259472787380219,0.271085560321808,0.272758275270462,0.254361838102341,0.264265656471252,0.243568032979965,0.24956302344799,0.284843802452087,0.279477179050446,0.271592348814011,0.269643664360046,0.260702162981033,0.25364363193512,0.238120302557945,0.22639536857605,0.230815589427948,0.237179607152939,0.240277901291847,0.232513949275017,0.234647557139397,0.244766443967819,0.252835601568222,0.261089563369751,0.270757406949997,0.260292112827301,0.261554062366486,0.261933565139771,0.269538968801498,0.275079995393753,0.269578009843826,0.253366470336914,0.237236931920052,0.198955252766609,0.209743142127991,0.212026178836823,0.232764363288879,0.228809550404549,0.230045542120934,0.228047132492065,0.218101978302002,0.219849556684494,0.223556309938431,0.221594303846359
USA,United States,ctfp,TFP level at current PPPs (USA=1),,,,,1,1,1,1,1,1,1,1,1,1,1,1,1,1,1,1,1,1,1,1,1,1,1,1,1,1,1,1,1,1,1,1,1,1,1,1,1,1,1,1,1,1,1,1,1,1,1,1,1,1,1,1,1,1,1,1,1,1,1,1,1,1,1,1,1,1
USA,United States,delta,Average depreciation rate of the capital stock,0.0323367305099964,0.0322504006326199,0.0322578325867653,0.0323256924748421,0.0323390513658524,0.0322648622095585,0.0322403348982334,0.0322712026536465,0.0322420969605446,0.0321221128106117,0.0320174470543861,0.0319218300282955,0.0318608470261097,0.0318347103893757,0.0318374969065189,0.0319933518767357,0.0323685444891453,0.0327837355434895,0.0331187285482883,0.0333942770957947,0.0335187166929245,0.0334323383867741,0.033281497657299,0.0332927517592907,0.0334550477564335,0.0335475541651249,0.0335504375398159,0.0335867069661617,0.0337017327547073,0.0339012295007706,0.0340614542365074,0.0341602005064487,0.0342254675924778,0.0342147536575794,0.0342609062790871,0.0343972630798817,0.0344827584922314,0.0344807170331478,0.0344889871776104,0.0345681011676788,0.0346778519451618,0.0347913950681686,0.0348904393613339,0.0350052863359451,0.0351734235882759,0.035404197871685,0.035685271024704,0.0360294207930565,0.0364725142717361,0.0370388701558113,0.0376603342592716,0.0381172709167004,0.0383265763521194,0.0383986867964268,0.0384760834276676,0.038655661046505,0.0389878526329994,0.0394725687801838,0.0399900339543819,0.0402986742556095,0.0406054332852364,0.0411650687456131,0.04183279722929,0.0424757711589336,0.0430610664188862,0.0436219237744808,0.0441369488835335,0.0446329414844513,0.0452392473816872,0.0459687300026417
USA,United States,emp,Number of persons engaged (in millions),62.8143653869629,65.092643737793,65.8843536376953,66.8207168579102,65.5983276367188,67.4969482421875,69.1296768188477,69.4684906005859,68.2173690795898,69.7832107543945,70.9569396972656,71.0067138671875,72.063232421875,73.0742645263672,74.739616394043,76.5134124755859,78.8469085693359,80.6633682250977,82.2697143554688,84.2336883544922,84.696891784668,84.7013778686523,86.9728240966797,89.7609558105469,91.4325790405273,90.2731475830078,93.0882720947266,96.2619094848633,100.194435119629,102.810615539551,103.070930480957,104.216178894043,103.408576965332,104.779136657715,109.11604309082,111.384384155273,113.924011230469,116.886093139648,119.454811096191,121.828071594238,123.046020507813,121.56706237793,121.797004699707,123.120697021484,125.689979553223,127.462738037109,129.357666015625,132.362579345703,134.500900268555,136.756469726563,138.636108398438,138.64680480957,138.152084350586,138.690856933594,140.27018737793,142.493301391602,145.094146728516,146.395782470703,146.228500366211,141.220809936523,140.713806152344,142.147354125977,144.588485717773,145.978454589844,148.220642089844,150.248474121094,152.396957397461,154.672317504883,156.675903320313,158.299591064453
USA,United States,irr,Real internal rate of return,0.0821677371859551,0.0827125757932663,0.0787462592124939,0.0807841569185257,0.0798750370740891,0.087368831038475,0.0772743746638298,0.0761729404330254,0.0758298486471176,0.0826147347688675,0.0804830342531204,0.0817769318819046,0.08684141933918,0.0893353372812271,0.0927406400442123,0.096514955163002,0.0969295352697372,0.0917269960045815,0.0906100049614906,0.0845562964677811,0.0788107812404633,0.0806013196706772,0.0790233612060547,0.0779887139797211,0.0696444436907768,0.0688249990344048,0.0721561312675476,0.0711579322814941,0.0700332298874855,0.0671144872903824,0.0617893300950527,0.0642093420028687,0.0596065260469914,0.0689463615417481,0.0761121064424515,0.0786288753151894,0.076885960996151,0.0752343386411667,0.0758627504110336,0.080848440527916,0.080337680876255,0.0796058550477028,0.0814004763960838,0.0836504846811295,0.0868201851844788,0.085344560444355,0.0863227695226669,0.0863231047987938,0.081554114818573,0.0801040828227997,0.0752255693078041,0.0707707405090332,0.0732162520289421,0.0755695551633835,0.0758022889494896,0.0762384831905365,0.0731375515460968,0.0722449272871018,0.0700140744447708,0.0718571692705154,0.0763465538620949,0.0753899067640305,0.0750375092029572,0.0751710012555122,0.0735772177577019,0.0739327445626259,0.0743944793939591,0.0735554620623589,0.0744685754179955,0.0728714764118195
USA,United States,labsh,Share of labour compensation in GDP at current national prices,0.628362894058228,0.633731782436371,0.644851565361023,0.644496023654938,0.637051999568939,0.626844048500061,0.640427887439728,0.638684749603272,0.635847270488739,0.629354357719421,0.636741697788239,0.633703410625458,0.629107296466827,0.626384675502777,0.624378800392151,0.619359791278839,0.622894942760468,0.630079448223114,0.634225606918335,0.643875300884247,0.64898556470871,0.63764888048172,0.639445066452026,0.640666723251343,0.640968561172485,0.625560820102692,0.62158989906311,0.621596157550812,0.622295022010803,0.62261962890625,0.624348878860474,0.614216029644013,0.616743326187134,0.603852272033691,0.601951777935028,0.60230153799057,0.607737004756928,0.615972578525543,0.62066638469696,0.611858665943146,0.615197896957398,0.615098834037781,0.620048463344574,0.614196300506592,0.607954382896423,0.607377409934998,0.607116162776947,0.609609842300415,0.623013257980347,0.625988662242889,0.637073159217835,0.640336573123932,0.629616677761078,0.621445715427399,0.617115139961243,0.605635344982147,0.605510890483856,0.604003727436066,0.604088604450226,0.59113609790802,0.587999582290649,0.592656254768372,0.595092236995697,0.593056976795197,0.594270586967468,0.595646262168884,0.593772530555725,0.596151113510132,0.594325959682465,0.597091138362885
USA,United States,pl_c,"Price level of household consumption,  price level of USA GDPo in 2017=1",0.11593983322382,0.124586798250675,0.127091109752655,0.128677174448967,0.1298907995224,0.131149411201477,0.135182470083237,0.139909684658051,0.143630549311638,0.147340103983879,0.14818948507309,0.148039877414703,0.148886516690254,0.151837795972824,0.155095681548119,0.157713577151299,0.162086084485054,0.165276974439621,0.171701341867447,0.180944085121155,0.190979331731796,0.200663641095161,0.209218487143517,0.222253367304802,0.245509386062622,0.267898291349411,0.282617628574371,0.299612104892731,0.320640027523041,0.348330676555634,0.382987648248673,0.417501747608185,0.440443307161331,0.457501411437988,0.476026862859726,0.491570681333542,0.50157368183136,0.517348170280457,0.536049604415894,0.556185185909271,0.565588533878326,0.585787653923035,0.60214364528656,0.61690616607666,0.628412365913391,0.634548306465149,0.642205655574799,0.660382568836212,0.673147439956665,0.684991776943207,0.706948399543762,0.722344160079956,0.734196722507477,0.751248240470886,0.772139072418213,0.781643152236939,0.806785404682159,0.825882852077484,0.844884812831879,0.847803056240082,0.858575761318207,0.877968490123749,0.909226536750794,0.919959187507629,0.93412572145462,0.939042687416077,0.95088517665863,0.969497382640839,0.990762531757355,1.00570726394653
USA,United States,pl_con,"Price level of CCON (PPP/XR), price level of USA GDPo in 2017=1",0.120805993676186,0.12994721531868,0.133010908961296,0.134610325098038,0.136150658130646,0.137610584497452,0.142026543617249,0.147165477275848,0.151374787092209,0.154585093259811,0.155336171388626,0.15547202527523,0.157002538442612,0.160202205181122,0.163562461733818,0.166183948516846,0.170982912182808,0.175095528364182,0.182165816426277,0.191515818238258,0.202743142843246,0.213758423924446,0.223341181874275,0.236999347805977,0.260967254638672,0.28449559211731,0.299811571836472,0.317654818296433,0.33982527256012,0.369383066892624,0.406326293945313,0.442769348621368,0.468472182750702,0.487005800008774,0.507516086101532,0.523928940296173,0.533857703208923,0.5499467253685,0.568944215774536,0.589964151382446,0.607651472091675,0.630747199058533,0.647743403911591,0.663093626499176,0.674769163131714,0.683018505573273,0.693438529968262,0.708312273025513,0.71892237663269,0.731163442134857,0.753417909145355,0.769752442836762,0.783666849136353,0.800110280513763,0.820853471755981,0.830001831054688,0.856645822525024,0.877681434154511,0.900503039360046,0.90264230966568,0.913549363613129,0.928703188896179,0.959390342235565,0.968837380409241,0.980604231357575,0.981112360954285,0.989006161689758,1.00394928455353,1.02738213539124,1.04239916801453
USA,United States,pl_gdpo,"Price level of CGDPo (PPP/XR), price level of USA GDPo in 2017=1",0.120391733944416,0.128884330391884,0.131211295723915,0.132747799158096,0.134050711989403,0.136313542723656,0.141021013259888,0.145659878849983,0.148923337459564,0.15099610388279,0.153073906898499,0.154792875051498,0.156685575842857,0.158485725522041,0.160864546895027,0.163824543356895,0.168400481343269,0.173330336809158,0.180687502026558,0.189578026533127,0.199558198451996,0.209703177213669,0.218751758337021,0.230673760175705,0.251426607370377,0.274680763483048,0.289809852838516,0.307764828205109,0.329423874616623,0.356780588626862,0.3891841173172,0.426230877637863,0.453061878681183,0.471138030290604,0.488482892513275,0.50401771068573,0.514440298080444,0.527306437492371,0.546238422393799,0.568016111850739,0.589802503585815,0.610082983970642,0.624291718006134,0.639144718647003,0.652842879295349,0.666552186012268,0.67876672744751,0.690365076065064,0.69819700717926,0.708315551280975,0.724206566810608,0.740228831768036,0.752147614955902,0.766221225261688,0.786802470684052,0.811238527297974,0.835936546325684,0.858403623104096,0.875331819057465,0.882085919380188,0.892350316047669,0.911000907421112,0.928483068943024,0.944780707359314,0.962252974510193,0.971370220184326,0.98159521818161,1,1.02401638031006,1.04216623306274
USA,United States,pl_i,"Price level of capital formation,  price level of USA GDPo in 2017=1",0.118270002305508,0.126353770494461,0.124662898480892,0.12494570016861,0.126188367605209,0.131194725632668,0.137261807918549,0.139769345521927,0.138427734375,0.138642519712448,0.141747131943703,0.148125052452087,0.152397096157074,0.151104643940926,0.151453912258148,0.154295861721039,0.157990366220474,0.163788512349129,0.170455157756805,0.177680760622025,0.183454141020775,0.191065087914467,0.199338868260384,0.209292083978653,0.223890841007233,0.241837382316589,0.257936477661133,0.27904886007309,0.301756471395493,0.328465223312378,0.356656789779663,0.391558468341827,0.410526514053345,0.420103460550308,0.430371880531311,0.436219990253449,0.449686199426651,0.461909502744675,0.478301554918289,0.504179835319519,0.533259212970734,0.541934072971344,0.543042540550232,0.549561560153961,0.578159987926483,0.609827101230621,0.627770006656647,0.632067263126373,0.633986711502075,0.635376393795013,0.633249342441559,0.630676627159119,0.624258160591126,0.6360142827034,0.661419093608856,0.689508855342865,0.729928553104401,0.765431761741638,0.779227256774902,0.789382040500641,0.797423660755158,0.820810317993164,0.798621237277985,0.842906713485718,0.870295703411102,0.901439130306244,0.918793737888336,0.934584081172943,0.963756144046783,0.988309800624847
USA,United States,pl_k,"Price level of the capital services, price level of USA=1",,,,,1,1,1,1,1,1,1,1,1,1,1,1,1,1,1,1,1,1,1,1,1,1,1,1,1,1,1,1,1,1,1,1,1,1,1,1,1,1,1,1,1,1,1,1,1,1,1,1,1,1,1,1,1,1,1,1,1,1,1,1,1,1,1,1,1,1
USA,United States,pl_n,"Price level of the capital stock, price level of USA in 2017=1",0.0848621428012848,0.0931830406188965,0.095605231821537,0.0960452780127525,0.0957921072840691,0.0976823195815086,0.103750504553318,0.106764920055866,0.106257408857346,0.106956273317337,0.107189729809761,0.107351928949356,0.108208775520325,0.108486257493496,0.109562836587429,0.112140744924545,0.115775220096111,0.119356535375118,0.124990046024323,0.132937282323837,0.139931097626686,0.149111121892929,0.158806398510933,0.170695900917053,0.19073486328125,0.211065396666527,0.222619116306305,0.241474151611328,0.265476733446121,0.293297797441483,0.323665350675583,0.356073766946793,0.378675192594528,0.383014887571335,0.391549170017242,0.400539487600327,0.41229322552681,0.4240942299366,0.438668102025986,0.453363031148911,0.465945243835449,0.474346518516541,0.479245185852051,0.494671136140823,0.510444939136505,0.528876125812531,0.540048122406006,0.553312480449677,0.567618072032929,0.584416329860687,0.605610847473145,0.628700613975525,0.643531322479248,0.665152370929718,0.703915119171143,0.757394194602966,0.807518720626831,0.832233250141144,0.842697083950043,0.828589916229248,0.825319886207581,0.840718507766724,0.860444188117981,0.888007164001465,0.930363655090332,0.949881076812744,0.96817934513092,1,1.03833270072937,1.06935584545136
USA,United States,pop,Population (in millions),155.58397296844,158.247703858109,160.980891655843,163.669146836508,166.572975679979,169.541178838466,172.577841095339,175.725868266759,178.686930849737,181.699068815614,184.601884258631,187.687579506719,190.596522124791,193.359363578897,196.063957893041,198.530465463516,200.83657512823,203.035404661769,205.072776116763,207.086667862769,209.513341,211.384068,213.269802,215.178797,217.114909,219.081251,221.086429,223.135663,225.223303,227.339318,229.476354,231.636058,233.821844,236.030238,238.256844,240.499825,242.763148,245.052789,247.372264,249.725805,252.120309,254.53937,256.990613,259.532129,262.241196,265.163745,268.335003,271.713635,275.175301,278.54815,281.710909,284.607993,287.279318,289.815562,292.354658,294.993511,297.758969,300.608429,303.486012,306.307567,309.011475,311.584047,314.043885,316.400538,318.673411,320.87831,323.015995,325.084756,327.096265,329.064917
USA,United States,rconna,Real consumption at constant 2017 national prices (in mil. 2017US$),2126256.5,2266193.25,2408120,2528158.75,2526594.75,2658884.5,2715602.25,2789832.5,2818969,2944096.75,3011988,3081751.75,3247427,3366770.5,3539472,3744614,3978872.5,4148918.25,4380468,4525832,4601474.5,4736336.5,4963153.5,5144886,5135797.5,5255063.5,5482120,5686115.5,5903626,6023772.5,6023952.5,6106140,6197682,6508337,6793745.5,7138833.5,7434971.5,7663047.5,7943255.5,8170789.5,8337879,8373230,8624484,8862911,9147517,9370433,9642314,9973260,10439747,10941572,11426982,11731971,12056104,12407310,12822789,13216059,13573024,13858903,13891900,13859020,14056025,14184411,14317281,14435775,14764391,15267839,15662891,16019792,16421700,16803152
USA,United States,rgdpe,Expenditure-side real GDP at chained PPPs (in mil. 2017US$),2447945.5,2620618.5,2718999,2852665.5,2838248.5,3054621.25,3123382.25,3191923,3170179.25,3400211.5,3489113.75,3578860.75,3798577.75,3963096,4195839,4477834,4773003,4898779,5140869,5306992,5311926.5,5488998.5,5785975,6121103,6008906.5,5979466,6331245,6618431,6996336.5,7192496.5,7065226,7263261.5,7129462,7495463.5,8101474,8446945,8721344,8994791,9365800,9703781,9847675,9831967,10189422,10505614,10966652,11269390,11731437,12310822,12947533,13569720,14110581,14258955,14503314,14906207,15484192,15991891,16448620,16746366,16515918,16174102,16583432,16826584,17276374,17688954,18201652,18905122,19285252,19754754,20369440,20860506
USA,United States,rgdpna,Real GDP at constant 2017 national prices (in mil. 2017US$),2466594.75,2665368,2773902.75,2904121.75,2887745.25,3093408,3159364.75,3225886,3202169,3423191,3510944.75,3600618.75,3820850.25,3987209.75,4217154.5,4491258,4787384.5,4918733.5,5160197.5,5322265.5,5332994.5,5508630,5798322.5,6125680,6092568,6080049.5,6407651,6703951.5,7075035.5,7299041,7280300.5,7465054.5,7330469,7666492.5,8221287.5,8564087,8860631,9167170,9550089,9900830,10087555,10076635,10431579,10718744,11150584,11449898,11881846,12410257,12966412,13582736,14143361,14284560,14533353,14949183,15517086,16062235,16520807,16830766,16807780,16381405,16801388,17061950,17445766,17767130,18215924,18776158,19097498,19542980,20128580,20563592
USA,United States,rgdpo,Output-side real GDP at chained PPPs (in mil. 2017US$),2475627.5,2660815.75,2751933.5,2878352.5,2869544.25,3086558,3157588.25,3226404.75,3193747,3426015.75,3522116.25,3612333,3829602.75,4000103,4240598.5,4515720,4806582,4924768,5157128,5321576,5330969,5507687.5,5805977,6163076,6107467.5,6077310,6423949.5,6727647.5,7114125.5,7350354.5,7309359,7496486.5,7323942,7655244,8235799,8533360,8808309,9116680,9489531,9822400,9978170,9939456,10301173,10602463,11054640,11361680,11815750,12360252,12924324,13526821,14095967,14205419,14396938,14799683,15372598,15920553,16386528,16702365,16671577,16195003,16651722,16943864,17382956,17764046,18244220,18785358,19095196,19542980,20155260,20595844
USA,United States,rkna,Capital services at constant 2017 national prices (2017=1),,,,,0.117049276828766,0.121404252946377,0.125784873962402,0.130188405513763,0.133861944079399,0.138598397374153,0.143193677067757,0.148068845272064,0.153738528490067,0.160214141011238,0.167382329702377,0.175825282931328,0.185655862092972,0.194727033376694,0.203778922557831,0.212776824831963,0.220210179686546,0.227213934063911,0.235569268465042,0.245406925678253,0.254399657249451,0.260702043771744,0.268230050802231,0.277739107608795,0.290068775415421,0.303727716207504,0.315729528665543,0.327781766653061,0.33713886141777,0.347872525453568,0.36293038725853,0.378511101007462,0.393106520175934,0.407222181558609,0.421397119760513,0.436230570077896,0.449525952339172,0.460626035928726,0.472995311021805,0.486599266529083,0.501657366752625,0.519351363182068,0.539946019649506,0.563955366611481,0.591966450214386,0.62385481595993,0.655892729759216,0.681236565113068,0.700911939144135,0.720951914787293,0.743641376495361,0.769359946250916,0.797229826450348,0.824254989624023,0.845964252948761,0.856794893741608,0.87068521976471,0.886129021644592,0.904019355773926,0.921854019165039,0.941271424293518,0.961123466491699,0.980157375335693,1,1.02297115325928,1.04604971408844
USA,United States,rnna,Capital stock at constant 2017 national prices (in mil. 2017US$),10563268,10898386,11258935,11667803,12058041,12496091,12930121,13353822,13737182,14221670,14693055,15185855,15739644,16340958,17002594,17730630,18508236,19239902,19990580,20734748,21379038,22033236,22780132,23606602,24310780,24845794,25479508,26253260,27174884,28144202,28952150,29738288,30368384,31093054,32068518,33127016,34181992,35208604,36224176,37242084,38181148,38943580,39749632,40619356,41576888,42589128,43715496,44934860,46303760,47787892,49329540,50697112,51889248,53148096,54536764,56048848,57539832,58882184,59951996,60486876,61035284,61657132,62424416,63225104,64118472,65053556,65971328,66940280,68005632,69059464
USA,United States,rtfpna,TFP at constant national prices (2017=1),,,,,0.651450097560883,0.672530591487885,0.668704390525818,0.675978541374207,0.677199721336365,0.696345388889313,0.700092673301697,0.706703364849091,0.722348928451538,0.73288094997406,0.744385957717896,0.75609701871872,0.767623066902161,0.764241933822632,0.774371683597565,0.769106566905975,0.764869034290314,0.780027329921722,0.792260706424713,0.803115427494049,0.78133898973465,0.782213509082794,0.797578096389771,0.802896916866303,0.807619512081146,0.801628112792969,0.787552893161774,0.792512655258179,0.777432680130005,0.792940139770508,0.810300171375275,0.817006945610046,0.825847685337067,0.826187908649445,0.834051609039307,0.838218569755554,0.841928660869598,0.839171886444092,0.860028743743897,0.861171066761017,0.86626672744751,0.864629566669464,0.872309803962708,0.880115211009979,0.888782203197479,0.900982439517975,0.910176217556,0.911842167377472,0.924097716808319,0.941850125789642,0.958232879638672,0.968732178211212,0.969310283660889,0.96743232011795,0.961096525192261,0.961387634277344,0.977156579494476,0.975211143493652,0.977661967277527,0.979491353034973,0.984051287174225,0.992892742156982,0.993723630905151,1,1.00816595554352,1.01679623126984
USA,United States,xr,"Exchange rate, national currency/USD (market+estimated)",1,1,1,1,1,1,1,1,1,1,1,1,1,1,1,1,1,1,1,1,1,1,1,1,1,1,1,1,1,1,1,1,1,1,1,1,1,1,1,1,1,1,1,1,1,1,1,1,1,1,1,1,1,1,1,1,1,1,1,1,1,1,1,1,1,1,1,1,1,1
